{
  "Billbrookdeich 100, 22113 Hamburg, Germany": [
    53.5374094,
    10.0896964
  ],
  "200 Century Ave, Pudong, Shanghai, China": [
    31.2340462,
    121.5144417
  ],
  "Isolatorweg 36, 1014 AS Amsterdam, Netherlands": [
    52.3938942,
    4.8507359
  ],
  "620 W 42nd St, New York, NY 10036, USA": [
    40.7606853,
    -73.999309
  ],
  "1 Canada Square, London E14 5AB, UK": [
    51.5049486,
    -0.01951
  ],
  "Av. Marquês de São Vicente 2210, São Paulo, Brazil": [
    -23.5212275,
    -46.6684478
  ],
  "Sameer Business Park, Mombasa Road, Nairobi, Kenya": [
    -1.3295813,
    36.8695106
  ],
  "Bhiwandi, Maharashtra 421302, India": [
    19.3025562,
    73.0588072
  ],
  "5 Jurong Port Rd, Singapore 619318": [
    1.3105851,
    103.7182444
  ],
  "İkitelli OSB, Başakşehir, İstanbul, Türkiye": [
    41.0698727,
    28.8050794
  ],
  "Großer Grasbrook, 20457 Hamburg, Germany": [
    53.540831,
    9.9936424
  ],
  "Altona, Hamburg, Germany": [
    53.5864667,
    9.7776709
  ],
  "Wandsbek, Hamburg, Germany": [
    53.5760029,
    10.0755348
  ],
  "Bergedorf, Hamburg, Germany": [
    53.4838384,
    10.2100469
  ],
  "Eppendorf, Hamburg, Germany": [
    53.5903912,
    9.9868771
  ],
  "St. Pauli, Hamburg, Germany": [
    53.5539347,
    9.9594316
  ],
  "Harburg, Hamburg, Germany": [
    53.4562216,
    9.9872112
  ],
  "Bahrenfeld, Hamburg, Germany": [
    53.5690699,
    9.9055827
  ],
  "Niendorf, Hamburg, Germany": [
    53.6284111,
    9.9557091
  ],
  "Rothenburgsort, Hamburg, Germany": [
    53.5346583,
    10.0360055
  ],
  "Pudong Lujiazui, Shanghai, China": [
    31.2405754,
    121.4931402
  ],
  "1686 Nanjing West Rd, Jing'an, Shanghai, China": [
    31.225215,
    121.4407923
  ],
  "Lane 181 Taicang Rd, Huangpu, Shanghai, China": null,
  "Hongqiao Railway Station, Shanghai, China": [
    31.1959975,
    121.3137324
  ],
  "Zhangjiang, Pudong, Shanghai, China": [
    31.2073473,
    121.6101825
  ],
  "Waigaoqiao, Pudong, Shanghai, China": [
    31.3499505,
    121.5826912
  ],
  "Yangpu District, Shanghai, China": [
    31.261528,
    121.5211199
  ],
  "Minhang District, Shanghai, China": [
    31.1147666,
    121.3769429
  ],
  "Qibao, Minhang, Shanghai, China": [
    31.1602623,
    121.3463088
  ],
  "Wujiaochang, Yangpu, Shanghai, China": [
    31.2997402,
    121.5100685
  ],
  "Dam, 1012 JS Amsterdam, Netherlands": [
    52.3731162,
    4.8923511
  ],
  "Albert Cuypstraat, 1073 BD Amsterdam, Netherlands": [
    52.3558704,
    4.8949919
  ],
  "Station Sloterdijk, Amsterdam, Netherlands": [
    52.3890161,
    4.838877
  ],
  "Zuidas, Amsterdam, Netherlands": [
    52.3377797,
    4.8734447
  ],
  "Jordaan, Amsterdam, Netherlands": [
    52.3754157,
    4.8810958
  ],
  "Buiksloterweg, 1031 BT Amsterdam, Netherlands": [
    52.3876244,
    4.913761
  ],
  "Johan Cruijff Boulevard, 1101 DS Amsterdam, Netherlands": [
    52.312896,
    4.9421675
  ],
  "Museumplein, 1071 DJ Amsterdam, Netherlands": [
    52.3587124,
    4.8834415
  ],
  "Westerpark, Amsterdam, Netherlands": [
    52.3872277,
    4.8717903
  ],
  "Winkelcentrum Oostpoort, 1093 Amsterdam, Netherlands": [
    52.3569945,
    4.9294245
  ],
  "185 Greenwich St, New York, NY 10007, USA": [
    40.7115548,
    -74.0114199
  ],
  "89 E 42nd St, New York, NY 10017, USA": [
    40.7526944,
    -73.977253
  ],
  "11 W 125th St, New York, NY 10027, USA": [
    40.8066742,
    -73.9426515
  ],
  "63 Flushing Ave, Brooklyn, NY 11205, USA": [
    40.6983825,
    -73.9726875
  ],
  "Court Square, Queens, NY 11101, USA": [
    40.7464555,
    -73.9454525
  ],
  "Bedford Ave, Brooklyn, NY 11211, USA": [
    40.7174046,
    -73.9570004
  ],
  "86th St & Lexington Ave, New York, NY 10028, USA": [
    40.7797376,
    -73.9558795
  ],
  "201 Park Ave S, New York, NY 10003, USA": [
    40.7365762,
    -73.9885429
  ],
  "Prince St & Broadway, New York, NY 10012, USA": [
    40.724329,
    -73.997702
  ],
  "31-01 Steinway St, Queens, NY 11103, USA": [
    40.7639221,
    -73.9149812
  ],
  "Euston Rd, London N1 9AL, UK": [
    51.5247178,
    -0.1385303
  ],
  "Praed St, London W2 1HB, UK": [
    51.5154795,
    -0.175365
  ],
  "Shoreditch High St, London E1 6PQ, UK": [
    51.5232497,
    -0.0760735
  ],
  "8 Southwark St, London SE1 1LB, UK": [
    51.5058854,
    -0.0908299
  ],
  "Greenwich, London SE10, UK": [
    51.4817891,
    -0.0096048
  ],
  "Hammersmith Broadway, London W6, UK": [
    51.4931738,
    -0.223804
  ],
  "Brixton Station Rd, London SW9 8QB, UK": [
    51.4637925,
    -0.108004
  ],
  "Camden Market, London NW1, UK": null,
  "Station St, London E15 1AZ, UK": [
    51.5403745,
    -0.0019701
  ],
  "Wembley Stadium, London HA9 0WS, UK": [
    51.5560695,
    -0.2796034
  ],
  "Praça da Luz, São Paulo, Brazil": [
    -23.1889265,
    -47.3114525
  ],
  "Av. Paulista 1578, São Paulo, Brazil": [
    -23.5614961,
    -46.6559677
  ],
  "Rua Paes Leme 524, São Paulo, Brazil": [
    -23.6791841,
    -46.5987292
  ],
  "Av. Giovanni Gronchi 5819, São Paulo, Brazil": [
    -23.629991,
    -46.736265
  ],
  "Rua da Mooca 2500, São Paulo, Brazil": [
    -23.5555283,
    -46.6008737
  ],
  "Rua Itaquera 1100, São Paulo, Brazil": [
    -23.6799019,
    -46.5383635
  ],
  "Rua Domingos de Morais 2564, São Paulo, Brazil": [
    -23.5990047,
    -46.6369432
  ],
  "Rua Tuiuti 1000, São Paulo, Brazil": [
    -23.5340918,
    -46.5756768
  ],
  "Av. das Nações Unidas 22540, São Paulo, Brazil": [
    -23.6803083,
    -46.6990615
  ],
  "Rod. Hélio Smidt, Guarulhos, Brazil": null,
  "Westlands, Nairobi, Kenya": [
    -1.2465281,
    36.7860759
  ],
  "Kilimani, Nairobi, Kenya": [
    -1.2874422,
    36.7845225
  ],
  "City Hall Way, Nairobi, Kenya": [
    -1.286293,
    36.8234663
  ],
  "Addis Ababa Rd, Industrial Area, Nairobi, Kenya": [
    -1.2997841,
    36.8393117
  ],
  "Eastleigh, Nairobi, Kenya": [
    -1.2743401,
    36.8489576
  ],
  "Karen, Nairobi, Kenya": [
    -1.3283746,
    36.7049676
  ],
  "Langata Rd, Nairobi, Kenya": [
    -1.3263153,
    36.7090002
  ],
  "Gigiri, Nairobi, Kenya": [
    -1.2325029,
    36.8072952
  ],
  "Kasarani, Nairobi, Kenya": [
    -1.2125169,
    36.8829845
  ],
  "Ruiru, Kiambu County, Kenya": [
    -1.1774574,
    36.9824291
  ],
  "Andheri East, Mumbai, Maharashtra, India": [
    19.1158835,
    72.854202
  ],
  "Bandra Kurla Complex, Mumbai, Maharashtra, India": [
    19.067115,
    72.8657245
  ],
  "Dadar, Mumbai, Maharashtra, India": [
    19.0177342,
    72.8437523
  ],
  "Colaba, Mumbai, Maharashtra, India": [
    18.915091,
    72.8259691
  ],
  "Powai, Mumbai, Maharashtra, India": [
    19.1187195,
    72.9073476
  ],
  "Vashi, Navi Mumbai, Maharashtra, India": [
    19.0632481,
    72.9987966
  ],
  "Thane West, Thane, Maharashtra, India": [
    19.2568987,
    73.1328761
  ],
  "Goregaon East, Mumbai, Maharashtra, India": [
    19.1692623,
    72.8552548
  ],
  "Mulund West, Mumbai, Maharashtra, India": [
    19.1719717,
    72.9511956
  ],
  "Chembur, Mumbai, Maharashtra, India": [
    19.054818,
    72.8979713
  ],
  "Raffles Place, Singapore": [
    1.2835417,
    103.8514602
  ],
  "Orchard Road, Singapore": [
    1.3019186,
    103.838122
  ],
  "Ang Mo Kio Hub, Singapore": [
    1.3694347,
    103.848334
  ],
  "Woodlands MRT Station, Singapore": null,
  "Tampines MRT Station, Singapore": [
    1.3530295,
    103.9453532
  ],
  "Paya Lebar Quarter, Singapore": [
    1.316815,
    103.893659
  ],
  "Jurong East MRT Station, Singapore": null,
  "Bukit Panjang Plaza, Singapore": [
    1.378655,
    103.7620908
  ],
  "Chinatown, Singapore": [
    1.2829435,
    103.8441517
  ],
  "Toa Payoh Central, Singapore": [
    1.3326741,
    103.8505222
  ],
  "Kadıköy İskelesi, İstanbul, Türkiye": [
    40.9929083,
    29.0228684
  ],
  "Taksim Meydanı, İstanbul, Türkiye": [
    41.0379547,
    28.9852034
  ],
  "Beşiktaş, İstanbul, Türkiye": [
    41.0428465,
    29.0075283
  ],